{"cameraMode":{"drawMode":0,"name":"Shaded","section":"Shading Mode"},"sceneLighting":false,"audioPlay":false,"sceneViewState":{"showFog":true,"showMaterialUpdate":false,"showSkybox":false,"showFlares":true,"showImageEffects":true,"showParticleSystems":true},"in2DMode":false,"pivot":{"x":-1.2077468633651734,"y":2.451331615447998,"z":12.804925918579102},"rotation":{"x":-0.2203608602285385,"y":-0.16787698864936829,"z":0.03856087476015091,"w":-0.960136890411377},"size":0.08660251647233963,"orthographic":false}