{"cameraMode":{"drawMode":0,"name":"Shaded","section":"Shading Mode"},"sceneLighting":false,"audioPlay":false,"sceneViewState":{"showFog":true,"showMaterialUpdate":false,"showSkybox":false,"showFlares":true,"showImageEffects":true,"showParticleSystems":true},"in2DMode":false,"pivot":{"x":-0.15189135074615479,"y":0.8691441416740418,"z":17.848630905151368},"rotation":{"x":-0.530303955078125,"y":0.0781172588467598,"z":-0.04910409078001976,"w":-0.8428270816802979},"size":1.4383193254470826,"orthographic":false}