{"cameraMode":{"drawMode":0,"name":"Shaded","section":"Shading Mode"},"sceneLighting":false,"audioPlay":false,"sceneViewState":{"showFog":true,"showMaterialUpdate":false,"showSkybox":false,"showFlares":true,"showImageEffects":true,"showParticleSystems":true},"in2DMode":false,"pivot":{"x":0.6158318519592285,"y":1.231827974319458,"z":17.947561264038087},"rotation":{"x":-0.2658768892288208,"y":0.5674018859863281,"z":-0.20024393498897553,"w":-0.7532250881195068},"size":1.8018468618392945,"orthographic":false}