{"cameraMode":{"drawMode":0,"name":"Shaded","section":"Shading Mode"},"sceneLighting":false,"audioPlay":false,"sceneViewState":{"showFog":true,"showMaterialUpdate":false,"showSkybox":false,"showFlares":true,"showImageEffects":true,"showParticleSystems":true},"in2DMode":false,"pivot":{"x":0.951902449131012,"y":0.4599778950214386,"z":1.2219045162200928},"rotation":{"x":-0.2748216390609741,"y":-0.36380675435066225,"z":0.1133006140589714,"w":-0.8828191161155701},"size":1.812920093536377,"orthographic":false}